ID,POINT_X,POINT_Y,Name,SCIENTIFIC,ADDRESS,PLOTTYPE,PLOTLENGTH,PLOTWIDTH,POWERLINE,OWNER,SPONSOR,DATEPLANTED,DIAMETER,HEIGHT,CANOPYHEIGHT,CANOPYCONDITION
363000105,73.831764,18.521542,Allmora,,"ARI,Pune",,,,FALSE,PMC,,,1.504585987,20,,
363000110,73.831703,18.521561,Ambada,Spondias Pinnata,"ARI,Pune",,,,FALSE,PMC,,,17.55350318,70,,
363000271,73.831932,18.52055,Apta,bauhinia racemosa,"ARI,Pune",,,,FALSE,PMC,,,1.253821656,20,,
363000122,73.831482,18.521626,Apta,bauhinia racemosa,"ARI,Pune",,,,FALSE,PMC,,,2.507643312,15,,
363000116,73.831657,18.521484,Arjun,terminalia arjuna,"ARI,Pune",,,,FALSE,PMC,,,2.507643312,12,,
363000006,73.831436,18.520445,Ashok,polyalthia longifolia,"ARI,Pune",,,,FALSE,PMC,,,16.29968153,60,,
363000285,73.831825,18.520445,Ashok,polyalthia longifolia,"ARI,Pune",,,,FALSE,PMC,,,13.79203822,30,,
363000286,73.831825,18.520445,Ashok,polyalthia longifolia,"ARI,Pune",,,,FALSE,PMC,,,11.2843949,30,,
363000007,73.831429,18.520494,Ashok,polyalthia longifolia,"ARI,Pune",,,,FALSE,PMC,,,16.29968153,60,,
363000278,73.831879,18.520506,Ashok,polyalthia longifolia,"ARI,Pune",,,,FALSE,PMC,,,1.504585987,20,,
363000008,73.831512,18.520548,Ashok,polyalthia longifolia,"ARI,Pune",,,,FALSE,PMC,,,15.04585987,60,,
363000011,73.831444,18.520576,Ashok,polyalthia longifolia,"ARI,Pune",,,,FALSE,PMC,,,11.2843949,40,,
363000012,73.831444,18.520576,Ashok,polyalthia longifolia,"ARI,Pune",,,,FALSE,PMC,,,13.79203822,50,,
363000013,73.831444,18.520576,Ashok,polyalthia longifolia,"ARI,Pune",,,,FALSE,PMC,,,10.03057325,50,,
363000270,73.831955,18.520586,Ashok,polyalthia longifolia,"ARI,Pune",,,,FALSE,PMC,,,8.776751592,20,,
363000009,73.831535,18.52059,Ashok,polyalthia longifolia,"ARI,Pune",,,,FALSE,PMC,,,12.53821656,60,,
363000010,73.83149,18.520597,Ashok,polyalthia longifolia,"ARI,Pune",,,,FALSE,PMC,,,13.79203822,60,,
363000276,73.831841,18.520603,Ashok,polyalthia longifolia,"ARI,Pune",,,,FALSE,PMC,,,5.015286624,20,,
363000277,73.831841,18.520603,Ashok,polyalthia longifolia,"ARI,Pune",,,,FALSE,PMC,,,5.015286624,20,,
363000268,73.831909,18.520605,Ashok,polyalthia longifolia,"ARI,Pune",,,,FALSE,PMC,,,7.522929936,20,,
363000014,73.831467,18.520615,Ashok,polyalthia longifolia,"ARI,Pune",,,,FALSE,PMC,,,12.53821656,50,,
363000253,73.831757,18.520983,Ashok,polyalthia longifolia,"ARI,Pune",,,,FALSE,PMC,,,13.79203822,40,,
363000058,73.831398,18.521191,Ashok,polyalthia longifolia,"ARI,Pune",,,,FALSE,PMC,,,1.755350318,10,,
363000123,73.831398,18.521482,Ashok,polyalthia longifolia,"ARI,Pune",,,,FALSE,PMC,,,13.79203822,40,,
363000125,73.831352,18.5215,Ashok,polyalthia longifolia,"ARI,Pune",,,,FALSE,PMC,,,8.149840764,20,,
363000183,73.832207,18.522047,Ashok,polyalthia longifolia,"ARI,Pune",,,,FALSE,PMC,,,2.507643312,40,,
363000194,73.832069,18.522158,Ashok,polyalthia longifolia,"ARI,Pune",,,,FALSE,PMC,,,12.53821656,60,,
363000170,73.832375,18.522221,Ashok,polyalthia longifolia,"ARI,Pune",,,,FALSE,PMC,,,1.253821656,20,,
363000162,73.832214,18.522266,Ashok,polyalthia longifolia,"ARI,Pune",,,,FALSE,PMC,,,8.776751592,40,,
363000159,73.832138,18.52227,Ashok,polyalthia longifolia,"ARI,Pune",,,,FALSE,PMC,,,13.79203822,40,,
363000160,73.832138,18.52227,Ashok,polyalthia longifolia,"ARI,Pune",,,,FALSE,PMC,,,11.2843949,60,,
363000161,73.832138,18.52227,Ashok,polyalthia longifolia,"ARI,Pune",,,,FALSE,PMC,,,10.03057325,40,,
363000069,73.831581,18.521427,Badam,terminalia catappa,"ARI,Pune",,,,FALSE,PMC,,,26.33025478,70,,
363000087,73.831741,18.521338,Bakul,mimusops elengi,"ARI,Pune",,,,FALSE,PMC,,,13.79203822,40,,
363000263,73.831894,18.520819,Bartondi,Morinda pubescens,"ARI,Pune",,,,FALSE,PMC,,,13.79203822,30,,
363000155,73.832108,18.522345,Bartondi,Morinda pubescens,"ARI,Pune",,,,FALSE,PMC,,,3.761464968,40,,
363000119,73.831688,18.521482,Bel,aegle marmelos,"ARI,Pune",,,,FALSE,PMC,,,16.29968153,40,,
363000093,73.831757,18.521427,Bishopwood,,"ARI,Pune",,,,FALSE,PMC,,,1.253821656,20,,
363000016,73.83139,18.520611,Bottle Brush,callistemon citrinus,"ARI,Pune",,,,FALSE,PMC,,,7.522929936,20,,
363000015,73.831467,18.520658,Bottle Brush,callistemon citrinus,"ARI,Pune",,,,FALSE,PMC,,,5.642197452,20,,
363000184,73.832161,18.522049,Buch,millingtonia hortensis,"ARI,Pune",,,,FALSE,PMC,,,10.03057325,50,,
363000158,73.832138,18.52227,Buch,millingtonia hortensis,"ARI,Pune",,,,FALSE,PMC,,,20.0611465,70,,
363000030,73.831551,18.52088,Chafa,,"ARI,Pune",,,,FALSE,PMC,,,1.504585987,10,,
363000045,73.831535,18.520899,Chafa,,"ARI,Pune",,,,FALSE,PMC,,,2.131496815,10,,
363000043,73.83152,18.521,Chafa,,"ARI,Pune",,,,FALSE,PMC,,,2.131496815,10,,
363000165,73.832321,18.522379,Chafa,,"ARI,Pune",,,,FALSE,PMC,,,3.385318471,15,,
363000018,73.831429,18.520819,Chandan,santalum album,"ARI,Pune",,,,FALSE,PMC,,,3.009171975,12,,
363000049,73.831543,18.521015,Chandan,santalum album,"ARI,Pune",,,,FALSE,PMC,,,3.761464968,20,,
363000075,73.831673,18.521282,Chandan,santalum album,"ARI,Pune",,,,FALSE,PMC,,,1.504585987,15,,
363000086,73.831787,18.52132,Chandan,santalum album,"ARI,Pune",,,,FALSE,PMC,,,1.253821656,10,,
363000096,73.831841,18.521387,Chandan,santalum album,"ARI,Pune",,,,FALSE,PMC,,,3.385318471,20,,
363000097,73.831841,18.52142,Chandan,santalum album,"ARI,Pune",,,,FALSE,PMC,,,3.13455414,15,,
363000102,73.831848,18.521521,Chandan,santalum album,"ARI,Pune",,,,FALSE,PMC,,,1.755350318,20,,
363000216,73.831718,18.521828,Chandan,santalum album,"ARI,Pune",,,,FALSE,PMC,,,3.13455414,15,,
363000060,73.831436,18.52121,Chinch,tamarindus indica,"ARI,Pune",,,,FALSE,PMC,,,3.761464968,20,,
363000034,73.831718,18.521013,Devchafa,,"ARI,Pune",,,,FALSE,PMC,,,17.55350318,50,,
363000038,73.831703,18.521023,Devchafa,,"ARI,Pune",,,,FALSE,PMC,,,15.04585987,40,,
363000035,73.831726,18.521059,Devchafa,,"ARI,Pune",,,,FALSE,PMC,,,17.55350318,50,,
363000091,73.831726,18.521431,Fanluty,,"ARI,Pune",,,,FALSE,PMC,,,15.04585987,40,,
363000273,73.831955,18.52051,Ficus,,"ARI,Pune",,,,FALSE,PMC,,,1.755350318,10,,
363000032,73.831657,18.520941,Ficus,,"ARI,Pune",,,,FALSE,PMC,,,2.507643312,20,,
363000039,73.831703,18.521023,Ficus,,"ARI,Pune",,,,FALSE,PMC,,,2.507643312,18,,
363000261,73.831879,18.520872,Fileshium,,"ARI,Pune",,,,FALSE,PMC,,,26.33025478,60,,
363000001,73.831757,18.520254,Fish tail Palm,,"ARI,Pune",,,,FALSE,PMC,,,3.761464968,30,,
363000004,73.831436,18.520334,Fish tail Palm,,"ARI,Pune",,,,FALSE,PMC,,,25.07643312,40,,
363000274,73.831963,18.520458,Fish tail Palm,,"ARI,Pune",,,,FALSE,PMC,,,13.79203822,40,,
363000084,73.831833,18.521254,Fish tail Palm,,"ARI,Pune",,,,FALSE,PMC,,,5.015286624,20,,
363000062,73.831474,18.521238,Glirisidia,,"ARI,Pune",,,,FALSE,PMC,,,7.522929936,20,,
363000147,73.831802,18.522396,Glirisidia,,"ARI,Pune",,,,FALSE,PMC,,,3.761464968,40,,
363000052,73.831436,18.520983,Gulmohar,delonix regia,"ARI,Pune",,,,FALSE,PMC,,,21.31496815,40,,
363000050,73.831497,18.521046,Gulmohar,delonix regia,"ARI,Pune",,,,FALSE,PMC,,,21.31496815,40,,
363000078,73.831833,18.521254,Gulmohar,delonix regia,"ARI,Pune",,,,FALSE,PMC,,,21.31496815,27,,
363000094,73.83181,18.521427,Gulmohar,delonix regia,"ARI,Pune",,,,FALSE,PMC,,,15.04585987,80,,
363000234,73.831787,18.521612,Gulmohar,delonix regia,"ARI,Pune",,,,FALSE,PMC,,,28.83789809,70,,
363000207,73.831902,18.521984,Gulmohar,delonix regia,"ARI,Pune",,,,FALSE,PMC,,,37.61464968,80,,
363000163,73.832245,18.522318,Gulmohar,delonix regia,"ARI,Pune",,,,FALSE,PMC,,,26.33025478,70,,
363000275,73.831841,18.520603,Kadunimb,azadirachta indica,"ARI,Pune",,,,FALSE,PMC,,,3.761464968,20,,
363000259,73.831787,18.520872,Kadunimb,azadirachta indica,"ARI,Pune",,,,FALSE,PMC,,,26.33025478,60,,
363000053,73.83139,18.520967,Kadunimb,azadirachta indica,"ARI,Pune",,,,FALSE,PMC,,,16.29968153,40,,
363000054,73.83139,18.521109,Kadunimb,azadirachta indica,"ARI,Pune",,,,FALSE,PMC,,,21.31496815,40,,
363000241,73.831863,18.521404,Kadunimb,azadirachta indica,"ARI,Pune",,,,FALSE,PMC,,,8.776751592,30,,
363000240,73.831894,18.521441,Kadunimb,azadirachta indica,"ARI,Pune",,,,FALSE,PMC,,,33.85318471,40,,
363000242,73.83152,18.521606,Kadunimb,azadirachta indica,"ARI,Pune",,,,FALSE,PMC,,,5.015286624,30,,
363000121,73.831482,18.521626,Kadunimb,azadirachta indica,"ARI,Pune",,,,FALSE,PMC,,,2.382261146,15,,
363000231,73.831841,18.521734,Kadunimb,azadirachta indica,"ARI,Pune",,,,FALSE,PMC,,,15.04585987,70,,
363000230,73.831924,18.521782,Kadunimb,azadirachta indica,"ARI,Pune",,,,FALSE,PMC,,,28.83789809,70,,
363000229,73.832069,18.521788,Kadunimb,azadirachta indica,"ARI,Pune",,,,FALSE,PMC,,,16.29968153,40,,
363000149,73.831886,18.522346,Kadunimb,azadirachta indica,"ARI,Pune",,,,FALSE,PMC,,,3.761464968,20,,
363000136,73.83139,18.522354,Kadunimb,azadirachta indica,"ARI,Pune",,,,FALSE,PMC,,,16.29968153,40,,
363000141,73.831604,18.522379,Kadunimb,azadirachta indica,"ARI,Pune",,,,FALSE,PMC,,,13.79203822,50,,
363000142,73.831604,18.522379,Kadunimb,azadirachta indica,"ARI,Pune",,,,FALSE,PMC,,,15.04585987,50,,
363000146,73.831757,18.522383,Kadunimb,azadirachta indica,"ARI,Pune",,,,FALSE,PMC,,,17.55350318,30,,
363000153,73.832108,18.52239,Kadunimb,azadirachta indica,"ARI,Pune",,,,FALSE,PMC,,,23.82261146,70,,
363000148,73.831802,18.522396,Kadunimb,azadirachta indica,"ARI,Pune",,,,FALSE,PMC,,,8.776751592,20,,
363000137,73.831436,18.522404,Kadunimb,azadirachta indica,"ARI,Pune",,,,FALSE,PMC,,,16.29968153,40,,
363000140,73.831512,18.522404,Kadunimb,azadirachta indica,"ARI,Pune",,,,FALSE,PMC,,,15.04585987,50,,
363000144,73.83165,18.522417,Kadunimb,azadirachta indica,"ARI,Pune",,,,FALSE,PMC,,,11.2843949,20,,
363000139,73.831474,18.52243,Kadunimb,azadirachta indica,"ARI,Pune",,,,FALSE,PMC,,,13.79203822,50,,
363000044,73.831535,18.520948,Kailaspati,,"ARI,Pune",,,,FALSE,PMC,,,2.131496815,20,,
363000025,73.831543,18.520819,kalbash,,"ARI,Pune",,,,FALSE,PMC,,,13.79203822,20,,
363000020,73.831413,18.520849,Kalbash,,"ARI,Pune",,,,FALSE,PMC,,,7.522929936,20,,
363000003,73.831497,18.520336,Kanchan,,"ARI,Pune",,,,FALSE,PMC,,,37.61464968,60,,
363000002,73.831779,18.52042,Kanchan,,"ARI,Pune",,,,FALSE,PMC,,,30.09171975,50,,
363000169,73.832382,18.522308,Kanchan,,"ARI,Pune",,,,FALSE,PMC,,,8.776751592,40,,
363000168,73.832321,18.522379,Kanchan,,"ARI,Pune",,,,FALSE,PMC,,,8.776751592,40,,
363000061,73.831436,18.52121,Karanj,,"ARI,Pune",,,,FALSE,PMC,,,15.04585987,20,,
363000143,73.83165,18.522417,Karanj,,"ARI,Pune",,,,FALSE,PMC,,,13.79203822,50,,
363000095,73.83181,18.521427,Khadasni,,"ARI,Pune",,,,FALSE,PMC,,,7.522929936,70,,
363000098,73.831848,18.521463,Khadasni,,"ARI,Pune",,,,FALSE,PMC,,,15.04585987,40,,
363000101,73.831848,18.521521,Khadasni,,"ARI,Pune",,,,FALSE,PMC,,,21.31496815,40,,
363000284,73.831825,18.520445,Khadsarni,,"ARI,Pune",,,,FALSE,PMC,,,3.009171975,20,,
363000283,73.831879,18.5205,Khadsarni,,"ARI,Pune",,,,FALSE,PMC,,,3.009171975,20,,
363000279,73.831841,18.520535,Khadsarni,,"ARI,Pune",,,,FALSE,PMC,,,1.379203822,20,,
363000280,73.831841,18.520535,Khadsarni,,"ARI,Pune",,,,FALSE,PMC,,,2.507643312,20,,
363000281,73.831841,18.520535,Khadsarni,,"ARI,Pune",,,,FALSE,PMC,,,2.507643312,20,,
363000282,73.831841,18.520535,Khadsarni,,"ARI,Pune",,,,FALSE,PMC,,,3.009171975,20,,
363000260,73.831863,18.520777,Khadsarni,,"ARI,Pune",,,,FALSE,PMC,,,2.131496815,20,,
363000252,73.831856,18.520901,Khadsarni,,"ARI,Pune",,,,FALSE,PMC,,,16.29968153,70,,
363000258,73.83181,18.520922,Khadsarni,,"ARI,Pune",,,,FALSE,PMC,,,1.253821656,20,,
363000255,73.831764,18.520935,Khadsarni,,"ARI,Pune",,,,FALSE,PMC,,,1.253821656,20,,
363000256,73.831764,18.520935,Khadsarni,,"ARI,Pune",,,,FALSE,PMC,,,1.253821656,20,,
363000257,73.831764,18.520935,Khadsarni,,"ARI,Pune",,,,FALSE,PMC,,,1.253821656,20,,
363000254,73.831757,18.520983,Khadsarni,,"ARI,Pune",,,,FALSE,PMC,,,1.253821656,20,,
363000251,73.831856,18.521004,Khadsarni,,"ARI,Pune",,,,FALSE,PMC,,,13.79203822,70,,
363000237,73.831879,18.521528,Khadsarni,,"ARI,Pune",,,,FALSE,PMC,,,11.2843949,90,,
363000236,73.831856,18.521622,Khadsarni,,"ARI,Pune",,,,FALSE,PMC,,,13.79203822,70,,
363000235,73.83181,18.52165,Khadsarni,,"ARI,Pune",,,,FALSE,PMC,,,13.79203822,70,,
363000233,73.831795,18.521715,Khadsarni,,"ARI,Pune",,,,FALSE,PMC,,,20.0611465,70,,
363000182,73.832207,18.522047,Khadsarni,,"ARI,Pune",,,,FALSE,PMC,,,1.253821656,15,,
363000191,73.832176,18.522053,Khadsarni,,"ARI,Pune",,,,FALSE,PMC,,,1.253821656,15,,
363000185,73.832207,18.522062,Khadsarni,,"ARI,Pune",,,,FALSE,PMC,,,1.253821656,10,,
363000186,73.832207,18.522062,Khadsarni,,"ARI,Pune",,,,FALSE,PMC,,,1.253821656,10,,
363000187,73.832207,18.522062,Khadsarni,,"ARI,Pune",,,,FALSE,PMC,,,3.13455414,50,,
363000188,73.832207,18.522062,Khadsarni,,"ARI,Pune",,,,FALSE,PMC,,,1.880732484,40,,
363000189,73.832207,18.522062,Khadsarni,,"ARI,Pune",,,,FALSE,PMC,,,11.15901274,40,,
363000190,73.832207,18.522062,Khadsarni,,"ARI,Pune",,,,FALSE,PMC,,,2.507643312,15,,
363000178,73.832253,18.522066,Khadsarni,,"ARI,Pune",,,,FALSE,PMC,,,1.253821656,12,,
363000179,73.832253,18.522066,Khadsarni,,"ARI,Pune",,,,FALSE,PMC,,,1.253821656,12,,
363000180,73.832253,18.522066,Khadsarni,,"ARI,Pune",,,,FALSE,PMC,,,1.253821656,12,,
363000181,73.832253,18.522066,Khadsarni,,"ARI,Pune",,,,FALSE,PMC,,,1.253821656,15,,
363000173,73.832298,18.522087,Khadsarni,,"ARI,Pune",,,,FALSE,PMC,,,3.761464968,20,,
363000174,73.832298,18.522087,Khadsarni,,"ARI,Pune",,,,FALSE,PMC,,,1.253821656,12,,
363000175,73.832298,18.522087,Khadsarni,,"ARI,Pune",,,,FALSE,PMC,,,1.253821656,12,,
363000176,73.832298,18.522087,Khadsarni,,"ARI,Pune",,,,FALSE,PMC,,,1.253821656,12,,
363000177,73.832298,18.522087,Khadsarni,,"ARI,Pune",,,,FALSE,PMC,,,1.253821656,12,,
363000287,73.831673,18.5221,Khadsarni,,"ARI,Pune",,,,FALSE,PMC,,,53.91433121,33,,
363000145,73.83165,18.522417,Khadsarni,,"ARI,Pune",,,,FALSE,PMC,,,3.761464968,20,,
363000227,73.832169,18.521803,Kinai,,"ARI,Pune",,,,FALSE,PMC,,,28.83789809,80,,
363000068,73.831528,18.521343,Lemon,,"ARI,Pune",,,,FALSE,PMC,,,2.256878981,20,,
363000028,73.831558,18.520775,Logar Fal Avako,,"ARI,Pune",,,,FALSE,PMC,,,13.79203822,40,,
363000029,73.831581,18.520823,Logar Fal Avako,,"ARI,Pune",,,,FALSE,PMC,,,7.522929936,40,,
363000215,73.831879,18.521952,Maharuk,,"ARI,Pune",,,,FALSE,PMC,,,8.776751592,80,,
363000267,73.83194,18.520651,Mango,,"ARI,Pune",,,,FALSE,PMC,,,26.33025478,40,,
363000021,73.831429,18.520803,Mango,,"ARI,Pune",,,,FALSE,PMC,,,13.79203822,30,,
363000047,73.831528,18.520943,Mango,,"ARI,Pune",,,,FALSE,PMC,,,17.55350318,40,,
363000036,73.831589,18.52109,Mango,,"ARI,Pune",,,,FALSE,PMC,,,3.761464968,40,,
363000244,73.83136,18.52162,Mango,,"ARI,Pune",,,,FALSE,PMC,,,1.253821656,15,,
363000040,73.831703,18.521023,Manimor,,"ARI,Pune",,,,FALSE,PMC,,,15.04585987,50,,
363000100,73.83181,18.521545,Manimor,,"ARI,Pune",,,,FALSE,PMC,,,2.507643312,20,,
363000269,73.831909,18.520605,Moh,,"ARI,Pune",,,,FALSE,PMC,,,3.761464968,30,,
363000172,73.832375,18.522221,Mohagani,,"ARI,Pune",,,,FALSE,PMC,,,13.79203822,30,,
363000167,73.832321,18.522379,Nilgiri,,"ARI,Pune",,,,FALSE,PMC,,,28.83789809,70,,
363000154,73.832108,18.52239,Nilgiri,,"ARI,Pune",,,,FALSE,PMC,,,41.37611465,70,,
363000264,73.831894,18.520819,Oil palm,,"ARI,Pune",,,,FALSE,PMC,,,11.2843949,30,,
363000019,73.831467,18.520844,Oil palm,,"ARI,Pune",,,,FALSE,PMC,,,20.0611465,27,,
363000249,73.831924,18.520979,Oil palm,,"ARI,Pune",,,,FALSE,PMC,,,16.29968153,20,,
363000250,73.831856,18.521004,Oil palm,,"ARI,Pune",,,,FALSE,PMC,,,13.79203822,20,,
363000248,73.831909,18.521044,Oil palm,,"ARI,Pune",,,,FALSE,PMC,,,16.29968153,20,,
363000246,73.831863,18.521109,Oil palm,,"ARI,Pune",,,,FALSE,PMC,,,13.79203822,20,,
363000247,73.831863,18.521109,Oil palm,,"ARI,Pune",,,,FALSE,PMC,,,15.04585987,22,,
363000056,73.831375,18.521151,Oil palm,,"ARI,Pune",,,,FALSE,PMC,,,13.79203822,40,,
363000055,73.831413,18.521179,Oil palm,,"ARI,Pune",,,,FALSE,PMC,,,7.522929936,40,,
363000126,73.831345,18.521648,Oil palm,,"ARI,Pune",,,,FALSE,PMC,,,16.29968153,20,,
363000023,73.831429,18.520905,Palas,,"ARI,Pune",,,,FALSE,PMC,,,1.504585987,12,,
363000114,73.831619,18.521555,Palas,,"ARI,Pune",,,,FALSE,PMC,,,2.507643312,20,,
363000088,73.831657,18.521347,Pangara,,"ARI,Pune",,,,FALSE,PMC,,,26.33025478,40,,
363000089,73.831657,18.521347,Pangara,,"ARI,Pune",,,,FALSE,PMC,,,13.79203822,40,,
363000117,73.831657,18.521484,Pangara,,"ARI,Pune",,,,FALSE,PMC,,,16.29968153,60,,
363000099,73.83181,18.5215,Pangara,,"ARI,Pune",,,,FALSE,PMC,,,13.79203822,40,,
363000112,73.831627,18.521544,Pangara,,"ARI,Pune",,,,FALSE,PMC,,,17.55350318,70,,
363000113,73.831627,18.521544,Pangara,,"ARI,Pune",,,,FALSE,PMC,,,17.55350318,70,,
363000111,73.831657,18.521587,Pangara,,"ARI,Pune",,,,FALSE,PMC,,,16.29968153,60,,
363000195,73.83213,18.522081,Paper Malberry,,"ARI,Pune",,,,FALSE,PMC,,,1.253821656,40,,
363000193,73.832069,18.522158,Paper Malberry,,"ARI,Pune",,,,FALSE,PMC,,,12.53821656,60,,
363000152,73.832016,18.522341,Paper Plant,,"ARI,Pune",,,,FALSE,PMC,,,11.2843949,40,,
363000157,73.832138,18.52227,Parijatak,,"ARI,Pune",,,,FALSE,PMC,,,3.761464968,20,,
363000109,73.831703,18.521561,Peru,,"ARI,Pune",,,,FALSE,PMC,,,2.131496815,20,,
363000245,73.831863,18.521109,Pimpal,,"ARI,Pune",,,,FALSE,PMC,,,3.13455414,10,,
363000120,73.831642,18.521555,Pimpal,,"ARI,Pune",,,,FALSE,PMC,,,13.79203822,60,,
363000265,73.831879,18.520699,Putraveli,,"ARI,Pune",,,,FALSE,PMC,,,5.015286624,20,,
363000266,73.831879,18.520699,Putraveli,,"ARI,Pune",,,,FALSE,PMC,,,17.55350318,30,,
363000031,73.831642,18.520893,Rain Tree,samanea saman (Albizia saman),"ARI,Pune",,,,FALSE,PMC,,,25.07643312,60,,
363000198,73.831894,18.522184,Rain Tree,samanea saman (Albizia saman),"ARI,Pune",,,,FALSE,PMC,,,87.76751592,70,,
363000196,73.832024,18.522211,Rain Tree,samanea saman (Albizia saman),"ARI,Pune",,,,FALSE,PMC,,,1.253821656,15,,
363000197,73.832024,18.522211,Rain Tree,samanea saman (Albizia saman),"ARI,Pune",,,,FALSE,PMC,,,1.253821656,15,,
363000033,73.831757,18.520924,Ramphal,,"ARI,Pune",,,,FALSE,PMC,,,25.07643312,60,,
363000037,73.831703,18.521023,Ramphal,,"ARI,Pune",,,,FALSE,PMC,,,15.04585987,40,,
363000118,73.831627,18.521469,Ratanguj,,"ARI,Pune",,,,FALSE,PMC,,,1.504585987,20,,
363000104,73.831764,18.521542,Red shedar,,"ARI,Pune",,,,FALSE,PMC,,,3.009171975,30,,
363000239,73.831894,18.521441,Ritha,,"ARI,Pune",,,,FALSE,PMC,,,1.253821656,12,,
363000238,73.831863,18.521481,Ritha,,"ARI,Pune",,,,FALSE,PMC,,,13.79203822,40,,
363000243,73.831451,18.521576,Ritha,,"ARI,Pune",,,,FALSE,PMC,,,3.761464968,20,,
363000156,73.832138,18.522335,Ritha,,"ARI,Pune",,,,FALSE,PMC,,,5.015286624,20,,
363000222,73.831421,18.521759,Royal Palm,,"ARI,Pune",,,,FALSE,PMC,,,20.0611465,80,,
363000225,73.832306,18.521793,Royal Palm,,"ARI,Pune",,,,FALSE,PMC,,,23.82261146,80,,
363000226,73.832306,18.521793,Royal Palm,,"ARI,Pune",,,,FALSE,PMC,,,25.07643312,80,,
363000223,73.831406,18.521803,Royal Palm,,"ARI,Pune",,,,FALSE,PMC,,,21.31496815,80,,
363000218,73.83168,18.521812,Royal Palm,,"ARI,Pune",,,,FALSE,PMC,,,22.56878981,80,,
363000219,73.831635,18.521824,Royal Palm,,"ARI,Pune",,,,FALSE,PMC,,,18.80732484,80,,
363000217,73.831726,18.521824,Royal Palm,,"ARI,Pune",,,,FALSE,PMC,,,25.07643312,80,,
363000221,73.831482,18.521839,Royal Palm,,"ARI,Pune",,,,FALSE,PMC,,,26.33025478,80,,
363000220,73.831627,18.521839,Royal Palm,,"ARI,Pune",,,,FALSE,PMC,,,25.07643312,80,,
363000224,73.83197,18.521889,Royal Palm,,"ARI,Pune",,,,FALSE,PMC,,,21.31496815,80,,
363000210,73.831932,18.521908,Royal Palm,,"ARI,Pune",,,,FALSE,PMC,,,25.07643312,60,,
363000211,73.831978,18.521923,Royal Palm,,"ARI,Pune",,,,FALSE,PMC,,,25.07643312,60,,
363000214,73.831978,18.521942,Royal Palm,,"ARI,Pune",,,,FALSE,PMC,,,25.07643312,60,,
363000212,73.832016,18.521954,Royal Palm,,"ARI,Pune",,,,FALSE,PMC,,,25.07643312,60,,
363000204,73.831444,18.521994,Royal Palm,,"ARI,Pune",,,,FALSE,PMC,,,13.79203822,40,,
363000208,73.831955,18.522005,Royal Palm,,"ARI,Pune",,,,FALSE,PMC,,,25.07643312,60,,
363000209,73.831955,18.522005,Royal Palm,,"ARI,Pune",,,,FALSE,PMC,,,25.07643312,60,,
363000213,73.83213,18.522005,Royal Palm,,"ARI,Pune",,,,FALSE,PMC,,,25.07643312,60,,
363000203,73.83149,18.522022,Royal Palm,,"ARI,Pune",,,,FALSE,PMC,,,15.04585987,40,,
363000205,73.831863,18.522032,Royal Palm,,"ARI,Pune",,,,FALSE,PMC,,,18.80732484,40,,
363000206,73.831863,18.522032,Royal Palm,,"ARI,Pune",,,,FALSE,PMC,,,20.0611465,40,,
363000202,73.831535,18.522051,Royal Palm,,"ARI,Pune",,,,FALSE,PMC,,,18.80732484,40,,
363000201,73.831581,18.522057,Royal Palm,,"ARI,Pune",,,,FALSE,PMC,,,17.55350318,40,,
363000200,73.831627,18.522074,Royal Palm,,"ARI,Pune",,,,FALSE,PMC,,,16.29968153,40,,
363000199,73.831726,18.5221,Royal Palm,,"ARI,Pune",,,,FALSE,PMC,,,15.04585987,40,,
363000022,73.831512,18.520811,Sandbox Tree,,"ARI,Pune",,,,FALSE,PMC,,,13.79203822,30,,
363000051,73.831436,18.520983,Sandbox Tree,,"ARI,Pune",,,,FALSE,PMC,,,3.385318471,20,,
363000103,73.831848,18.521521,Satnimb,,"ARI,Pune",,,,FALSE,PMC,,,15.04585987,40,,
363000106,73.831764,18.521542,Satnimb,,"ARI,Pune",,,,FALSE,PMC,,,17.55350318,70,,
363000026,73.831558,18.520775,Sayari,,"ARI,Pune",,,,FALSE,PMC,,,28.83789809,40,,
363000027,73.831558,18.520775,Sayari,,"ARI,Pune",,,,FALSE,PMC,,,13.79203822,40,,
363000107,73.831764,18.521542,Sayari,,"ARI,Pune",,,,FALSE,PMC,,,23.82261146,40,,
363000171,73.832375,18.522221,Sayari,,"ARI,Pune",,,,FALSE,PMC,,,32.59936306,70,,
363000024,73.831474,18.52088,Shewga,,"ARI,Pune",,,,FALSE,PMC,,,3.385318471,20,,
363000046,73.831535,18.520899,Shewga,,"ARI,Pune",,,,FALSE,PMC,,,2.131496815,10,,
363000090,73.831711,18.521465,Shewga,,"ARI,Pune",,,,FALSE,PMC,,,3.009171975,30,,
363000092,73.831734,18.521469,Shewga,,"ARI,Pune",,,,FALSE,PMC,,,5.015286624,60,,
363000070,73.831665,18.521322,Shirish,,"ARI,Pune",,,,FALSE,PMC,,,21.31496815,40,,
363000232,73.831841,18.521734,Shirish,,"ARI,Pune",,,,FALSE,PMC,,,41.37611465,70,,
363000127,73.831352,18.521748,Shirish,,"ARI,Pune",,,,FALSE,PMC,,,28.83789809,70,,
363000005,73.831436,18.520445,Shisam,,"ARI,Pune",,,,FALSE,PMC,,,3.009171975,20,,
363000138,73.831436,18.522404,Shisam,,"ARI,Pune",,,,FALSE,PMC,,,20.0611465,50,,
363000166,73.832321,18.522379,Silver Oak,,"ARI,Pune",,,,FALSE,PMC,,,13.79203822,70,,
363000164,73.832298,18.522387,Silver Oak,,"ARI,Pune",,,,FALSE,PMC,,,16.29968153,70,,
363000151,73.832031,18.52239,Silver Oak,,"ARI,Pune",,,,FALSE,PMC,,,7.522929936,40,,
363000124,73.831398,18.521482,Sisam,,"ARI,Pune",,,,FALSE,PMC,,,28.83789809,60,,
363000017,73.83139,18.520702,Sita Ashok,,"ARI,Pune",,,,FALSE,PMC,,,1.504585987,15,,
363000262,73.831879,18.520872,Subabhul,,"ARI,Pune",,,,FALSE,PMC,,,8.776751592,40,,
363000064,73.831543,18.521173,Subabhul,,"ARI,Pune",,,,FALSE,PMC,,,3.761464968,40,,
363000057,73.831398,18.521191,Subabhul,,"ARI,Pune",,,,FALSE,PMC,,,16.29968153,40,,
363000065,73.831558,18.521215,Subabhul,,"ARI,Pune",,,,FALSE,PMC,,,2.507643312,40,,
363000059,73.831398,18.521238,Subabhul,,"ARI,Pune",,,,FALSE,PMC,,,21.31496815,40,,
363000079,73.831833,18.521254,Subabhul,,"ARI,Pune",,,,FALSE,PMC,,,3.259936306,20,,
363000080,73.831833,18.521254,Subabhul,,"ARI,Pune",,,,FALSE,PMC,,,1.253821656,15,,
363000081,73.831833,18.521254,Subabhul,,"ARI,Pune",,,,FALSE,PMC,,,1.253821656,15,,
363000082,73.831833,18.521254,Subabhul,,"ARI,Pune",,,,FALSE,PMC,,,1.253821656,15,,
363000083,73.831833,18.521254,Subabhul,,"ARI,Pune",,,,FALSE,PMC,,,1.253821656,15,,
363000063,73.831566,18.521263,Subabhul,,"ARI,Pune",,,,FALSE,PMC,,,2.758407643,20,,
363000072,73.831673,18.521282,Subabhul,,"ARI,Pune",,,,FALSE,PMC,,,8.776751592,30,,
363000073,73.831673,18.521282,Subabhul,,"ARI,Pune",,,,FALSE,PMC,,,7.522929936,30,,
363000074,73.831673,18.521282,Subabhul,,"ARI,Pune",,,,FALSE,PMC,,,4.513757962,30,,
363000076,73.831673,18.521282,Subabhul,,"ARI,Pune",,,,FALSE,PMC,,,3.761464968,40,,
363000066,73.831596,18.521284,Subabhul,,"ARI,Pune",,,,FALSE,PMC,,,3.761464968,40,,
363000071,73.831726,18.521345,Subabhul,,"ARI,Pune",,,,FALSE,PMC,,,13.79203822,40,,
363000115,73.83165,18.521519,Subabhul,,"ARI,Pune",,,,FALSE,PMC,,,3.009171975,22,,
363000228,73.832169,18.521803,Subabhul,,"ARI,Pune",,,,FALSE,PMC,,,1.504585987,10,,
363000128,73.831337,18.521912,Subabhul,,"ARI,Pune",,,,FALSE,PMC,,,17.55350318,70,,
363000129,73.831306,18.52195,Subabhul,,"ARI,Pune",,,,FALSE,PMC,,,23.82261146,40,,
363000130,73.831352,18.521971,Subabhul,,"ARI,Pune",,,,FALSE,PMC,,,13.79203822,40,,
363000131,73.831367,18.522013,Subabhul,,"ARI,Pune",,,,FALSE,PMC,,,13.79203822,240,,
363000132,73.831367,18.522013,Subabhul,,"ARI,Pune",,,,FALSE,PMC,,,13.79203822,40,,
363000133,73.831367,18.522013,Subabhul,,"ARI,Pune",,,,FALSE,PMC,,,22.56878981,50,,
363000134,73.831345,18.522051,Subabhul,,"ARI,Pune",,,,FALSE,PMC,,,13.79203822,40,,
363000135,73.831345,18.522051,Subabhul,,"ARI,Pune",,,,FALSE,PMC,,,12.53821656,40,,
363000150,73.831978,18.522373,Subabhul,,"ARI,Pune",,,,FALSE,PMC,,,26.33025478,70,,
363000272,73.831955,18.52051,Tabebuia,,"ARI,Pune",,,,FALSE,PMC,,,13.79203822,30,,
363000041,73.831703,18.521023,Tikoma,,"ARI,Pune",,,,FALSE,PMC,,,2.507643312,40,,
363000077,73.831749,18.521255,Umbar,,"ARI,Pune",,,,FALSE,PMC,,,2.507643312,15,,
363000085,73.831787,18.52132,Umbar,,"ARI,Pune",,,,FALSE,PMC,,,15.04585987,27,,
363000067,73.831528,18.521343,Umbar,,"ARI,Pune",,,,FALSE,PMC,,,3.761464968,17,,
363000108,73.831764,18.521542,Umbrella Tree,,"ARI,Pune",,,,FALSE,PMC,,,23.82261146,40,,
363000048,73.831543,18.521015,Unknown,,"ARI,Pune",,,,FALSE,PMC,,,2.507643312,10,,
363000042,73.831703,18.521023,Vad,ficus benghalensis,"ARI,Pune",,,,FALSE,PMC,,,1.253821656,12,,
363000192,73.832169,18.522114,Xmas Tree,araucaria heterophylla,"ARI,Pune",,,,FALSE,PMC,,,13.79203822,70,,
